Shelby Newton;5047531556;6
Hanae Franklin;3921901511;12
Otto Skinner;0888133980;19
Jena Sharp;6505301888;11
Rana Hatfield;6694022544;8
Keely Macdonald;0054730467;10
Aidan Lopez;9796032844;9
Camden Blanchard;9902064387;18
Minerva Mendoza;0036662761;14
Hilary Finley;6295137755;5
Lewis Lucas;4107098357;8
Eden Santos;4535564049;15
Thaddeus Wagner;2533844341;17
Alexander Dodson;0355256555;20
Noelani Ratliff;6286614859;5
Dane Castro;9413747347;13
Zelenia Fulton;7820716942;11
Jayme Sampson;0551988825;10
Shannon Buckley;3199235559;10
Ulric Vasquez;8168454772;9
Shelby Fitzpatrick;5440038935;5
Darius Wright;2386548911;18
Barrett Silva;7327087213;16
Diana Mcmillan;5400263495;18
Kaitlin Hendricks;3204183204;14
Jennifer Hewitt;1750988802;6
Lane Baxter;8021618171;20
Martin Shaffer;9080118576;8
Gray Mcgowan;4910764903;6
Marsden Cobb;9993352455;19
Alma Holman;8568982637;7
Mollie Harding;1315541511;11
Dara Guerra;6797295664;12
Demetrius Espinoza;9179249484;9
Igor Rodgers;0700166087;18
Cadman Koch;0260184553;20
Kasimir Kemp;0302333985;13
Felix Edwards;0147047915;13
Pearl Colon;0979327566;9
Tallulah Hancock;8015038736;15
Genevieve Barrera;5184330839;15
Sybil Duke;4174637740;11
Velma Clayton;9009529761;16
Nathaniel Cook;3624531896;15
Risa Rutledge;7653020065;17
Magee Mccormick;6590517589;13
Eden Powers;9122143197;7
Hyatt Rice;0885503549;19
August Jarvis;6506582277;12
Joel Hunt;2146926793;18
Rahim Harvey;3693412079;5
Adele Humphrey;5495093444;5
Lars Neal;0223421042;15
Isadora Mcknight;5448668611;16
Whoopi Webb;0442922458;15
Mark Olson;9713155847;20
Kaden Mayo;9538464668;11
Wynter Melendez;2357738025;11
Daria Downs;6282930516;20
Heidi Holman;0877876270;4
Faith Holman;8817244347;9
Nevada Le;0816342099;9
Thor Weeks;8670012191;9
Keefe Santana;8823647089;18
Kenneth Oneill;1704349754;18
Flynn Vincent;6217636876;7
Dakota Mccullough;8841077449;20
Jared Conner;1809411029;10
Carla William;3123547119;13
Scott Robles;8961417881;12
Giselle Marsh;9716176263;8
Tatum Green;1977076217;18
Chanda Reese;1895493947;18
Phelan Britt;3679233831;4
Holly Blankenship;8612672962;6
Jenette Hardy;4596589147;9
Connor Murphy;4716593097;9
Ezekiel Hampton;2764344165;15
Lacota Beck;5125122397;7
Dacey Nelson;6012987384;6
Demetria Obrien;5751020673;14
Brooke Morton;7909146722;19
Ella Barnett;3145018939;20
Candice Malone;6260614936;10
Tobias Curry;0474435228;16
Sonya Steele;5448452482;6
Yuri Mosley;2137957240;15
Iola Higgins;2635359309;4
Barry Rivas;6374022113;7
Callum Lucas;1716491335;20
Sylvester Rose;6602101980;9
Tanner Tyson;6559667222;9
Riley Mason;2387033850;15
Christian Hess;9076464740;11
Graham Kelley;1286257252;6
Hope Roberts;2484063833;4
Ebony Huff;6713360377;14
Roanna Martinez;3818171668;10
Clementine Blair;8941336872;6
Deacon Rice;3311213379;11